{
  "strategy": "Curvature-Aware Tracing",
  "scene": "Cylinder",
  "total_rays": 20736,
  "hit_count": 932,
  "hit_rate": 0.044945987654320986,
  "iteration_mean": 7.882137345679013,
  "iteration_p95": 11.0,
  "iteration_max": 307,
  "warp_divergence": 0.6442691854912015,
  "time_us_per_ray": 16.378298621728188,
  "gpu_time_us_per_ray": 0.0004252459926467481,
  "gpu_time_us_per_ray_median": 0.0003720582259839033,
  "gpu_time_sample_count": 10,
  "gpu_warp_divergence": 0.6247721754934317,
  "gpu_width": 1920,
  "gpu_height": 1080
}