{
  "strategy": "Slope-AR(\u03b2=0.3)",
  "scene": "Cylinder",
  "total_rays": 20736,
  "hit_count": 932,
  "hit_rate": 0.044945987654320986,
  "iteration_mean": 6.961709104938271,
  "iteration_p95": 9.0,
  "iteration_max": 160,
  "warp_divergence": 0.3634108375456493,
  "time_us_per_ray": 11.667621521032013,
  "gpu_time_us_per_ray": 0.0009239872640507572,
  "gpu_time_us_per_ray_median": 0.000663556106083877,
  "gpu_time_sample_count": 10,
  "gpu_warp_divergence": 0.6247721754934317,
  "gpu_width": 1920,
  "gpu_height": 1080
}