{
  "strategy": "Standard",
  "scene": "Cube",
  "total_rays": 20736,
  "hit_count": 682,
  "hit_rate": 0.03288966049382716,
  "iteration_mean": 7.9543788580246915,
  "iteration_p95": 12.0,
  "iteration_max": 68,
  "warp_divergence": 0.5690985882386768,
  "time_us_per_ray": 18.061275068809923,
  "gpu_time_us_per_ray": 0.0004502218399903979,
  "gpu_time_us_per_ray_median": 0.0003146942617604509,
  "gpu_time_sample_count": 10,
  "gpu_warp_divergence": 0.1413381398588787,
  "gpu_width": 1920,
  "gpu_height": 1080
}