{
  "strategy": "Slope-AR(\u03b2=0.3)",
  "scene": "Sphere",
  "total_rays": 20736,
  "hit_count": 1152,
  "hit_rate": 0.05555555555555555,
  "iteration_mean": 7.751736111111111,
  "iteration_p95": 11.0,
  "iteration_max": 75,
  "warp_divergence": 0.4532134220650601,
  "time_us_per_ray": 10.311154525239814,
  "gpu_time_us_per_ray": 0.0009739631445601261,
  "gpu_time_us_per_ray_median": 0.0006182484485404451,
  "gpu_time_sample_count": 10,
  "gpu_warp_divergence": 0.25850758590264084,
  "gpu_width": 1920,
  "gpu_height": 1080
}