{
  "strategy": "Standard",
  "scene": "Grazing Plane",
  "total_rays": 20736,
  "hit_count": 12246,
  "hit_rate": 0.5905671296296297,
  "iteration_mean": 45.76494984567901,
  "iteration_p95": 166.0,
  "iteration_max": 512,
  "warp_divergence": 10.959921911097156,
  "time_us_per_ray": 48.416999404399114,
  "gpu_time_us_per_ray": 0.0013336323235431157,
  "gpu_time_us_per_ray_median": 0.0010073303942422004,
  "gpu_time_sample_count": 10,
  "gpu_warp_divergence": 1.079465274653501,
  "gpu_width": 1920,
  "gpu_height": 1080
}