{
  "strategy": "Hybrid",
  "scene": "Near Miss",
  "total_rays": 20736,
  "hit_count": 882,
  "hit_rate": 0.042534722222222224,
  "iteration_mean": 8.280671296296296,
  "iteration_p95": 13.0,
  "iteration_max": 84,
  "warp_divergence": 0.607826507304878,
  "time_us_per_ray": 21.993132723304214,
  "gpu_time_us_per_ray": 0.0005631703476674487,
  "gpu_time_us_per_ray_median": 0.0005042197081809404,
  "gpu_time_sample_count": 10,
  "gpu_warp_divergence": 0.4933794740854222,
  "gpu_width": 1920,
  "gpu_height": 1080
}