{
  "strategy": "Slope-AR(\u03b2=0.3)",
  "scene": "Thin Planes Stack",
  "total_rays": 20736,
  "hit_count": 20352,
  "hit_rate": 0.9814814814814815,
  "iteration_mean": 44.03192515432099,
  "iteration_p95": 159.0,
  "iteration_max": 512,
  "warp_divergence": 8.073696947882164,
  "time_us_per_ray": 78.80545427600916,
  "gpu_time_us_per_ray": 0.0023962625332556112,
  "gpu_time_us_per_ray_median": 0.0020363618934851856,
  "gpu_time_sample_count": 10,
  "gpu_warp_divergence": 1.076650464993752,
  "gpu_width": 1920,
  "gpu_height": 1080
}