{
  "strategy": "Enhanced",
  "scene": "Menger Sponge (iter=3)",
  "total_rays": 20736,
  "hit_count": 524,
  "hit_rate": 0.025270061728395063,
  "iteration_mean": 7.911072530864198,
  "iteration_p95": 13.0,
  "iteration_max": 225,
  "warp_divergence": 1.0821270142602744,
  "time_us_per_ray": 43.67431518650487,
  "gpu_time_us_per_ray": 0.001561578913278487,
  "gpu_time_us_per_ray_median": 0.0013633053853998628,
  "gpu_time_sample_count": 10,
  "gpu_warp_divergence": 0.9038247259310734,
  "gpu_width": 1920,
  "gpu_height": 1080
}