{
  "strategy": "Hybrid",
  "scene": "Thin Torus",
  "total_rays": 20736,
  "hit_count": 92,
  "hit_rate": 0.004436728395061728,
  "iteration_mean": 8.069540895061728,
  "iteration_p95": 12.0,
  "iteration_max": 75,
  "warp_divergence": 0.29135347683393065,
  "time_us_per_ray": 12.825477420442944,
  "gpu_time_us_per_ray": 0.000372583913921528,
  "gpu_time_us_per_ray_median": 0.0003375771484570578,
  "gpu_time_sample_count": 10,
  "gpu_warp_divergence": 0.1409353521503048,
  "gpu_width": 1920,
  "gpu_height": 1080
}