{
  "strategy": "Enhanced",
  "scene": "Near Miss",
  "total_rays": 20736,
  "hit_count": 882,
  "hit_rate": 0.042534722222222224,
  "iteration_mean": 7.53539737654321,
  "iteration_p95": 11.0,
  "iteration_max": 139,
  "warp_divergence": 0.7681181338492449,
  "time_us_per_ray": 20.059630593477554,
  "gpu_time_us_per_ray": 0.001684418411632241,
  "gpu_time_us_per_ray_median": 0.0013201195453106781,
  "gpu_time_sample_count": 10,
  "gpu_warp_divergence": 0.4929745523098074,
  "gpu_width": 1920,
  "gpu_height": 1080
}