{
  "strategy": "Enhanced",
  "scene": "Mandelbulb",
  "total_rays": 20736,
  "hit_count": 3774,
  "hit_rate": 0.18200231481481483,
  "iteration_mean": 15.646508487654321,
  "iteration_p95": 38.0,
  "iteration_max": 302,
  "warp_divergence": 4.341949843600528,
  "time_us_per_ray": 58.159153159516634,
  "gpu_time_us_per_ray": 0.0029066840745796117,
  "gpu_time_us_per_ray_median": 0.0026731047483612384,
  "gpu_time_sample_count": 10,
  "gpu_warp_divergence": 1.2129832234196825,
  "gpu_width": 1920,
  "gpu_height": 1080
}