{
  "strategy": "Relaxed(\u03c9=1.2)",
  "scene": "Cylinder",
  "total_rays": 20736,
  "hit_count": 748,
  "hit_rate": 0.03607253086419753,
  "iteration_mean": 6.869888117283951,
  "iteration_p95": 10.0,
  "iteration_max": 27,
  "warp_divergence": 0.34306866487456567,
  "time_us_per_ray": 12.383714330312221,
  "gpu_time_us_per_ray": 0.0011920862258799994,
  "gpu_time_us_per_ray_median": 0.0007859038035988946,
  "gpu_time_sample_count": 10,
  "gpu_warp_divergence": 0.6247721754934317,
  "gpu_width": 1920,
  "gpu_height": 1080
}