{
  "strategy": "Relaxed(\u03c9=1.2)",
  "scene": "Near Miss",
  "total_rays": 20736,
  "hit_count": 686,
  "hit_rate": 0.03308256172839506,
  "iteration_mean": 6.942322530864198,
  "iteration_p95": 10.0,
  "iteration_max": 34,
  "warp_divergence": 0.291709827741369,
  "time_us_per_ray": 19.390851652312932,
  "gpu_time_us_per_ray": 0.0010709876351253946,
  "gpu_time_us_per_ray_median": 0.0008956162617570595,
  "gpu_time_sample_count": 10,
  "gpu_warp_divergence": 0.4933794740854222,
  "gpu_width": 1920,
  "gpu_height": 1080
}