{
  "strategy": "Slope-AR(\u03b2=0.3)",
  "scene": "Grazing Plane",
  "total_rays": 20736,
  "hit_count": 12392,
  "hit_rate": 0.597608024691358,
  "iteration_mean": 27.685474537037038,
  "iteration_p95": 91.0,
  "iteration_max": 439,
  "warp_divergence": 6.968682744739535,
  "time_us_per_ray": 33.194560195243184,
  "gpu_time_us_per_ray": 0.0006616705326854975,
  "gpu_time_us_per_ray_median": 0.0005989582904824342,
  "gpu_time_sample_count": 10,
  "gpu_warp_divergence": 1.079465274653501,
  "gpu_width": 1920,
  "gpu_height": 1080
}