{
  "strategy": "Slope-AR(\u03b2=0.3)",
  "scene": "Bad Lipschitz Sphere",
  "total_rays": 20736,
  "hit_count": 0,
  "hit_rate": 0.0,
  "iteration_mean": 5.300347222222222,
  "iteration_p95": 6.0,
  "iteration_max": 7,
  "warp_divergence": 0.03649822220369828,
  "time_us_per_ray": 7.968682472926082,
  "gpu_time_us_per_ray": 0.0016561969931461608,
  "gpu_time_us_per_ray_median": 0.001273292919331989,
  "gpu_time_sample_count": 10,
  "gpu_warp_divergence": 1.1116336026585396,
  "gpu_width": 1920,
  "gpu_height": 1080
}