{
  "strategy": "Enhanced",
  "scene": "Pillar Forest",
  "total_rays": 20736,
  "hit_count": 16711,
  "hit_rate": 0.8058931327160493,
  "iteration_mean": 27.381221064814813,
  "iteration_p95": 69.0,
  "iteration_max": 324,
  "warp_divergence": 14.487956814381796,
  "time_us_per_ray": 62.029793601444304,
  "gpu_time_us_per_ray": 0.0022050202303180865,
  "gpu_time_us_per_ray_median": 0.0019222848713081793,
  "gpu_time_sample_count": 10,
  "gpu_warp_divergence": 5.214724351962407,
  "gpu_width": 1920,
  "gpu_height": 1080
}