{
  "strategy": "AR-ST",
  "scene": "Menger Sponge (iter=3)",
  "total_rays": 20736,
  "hit_count": 356,
  "hit_rate": 0.01716820987654321,
  "iteration_mean": 6.834008487654321,
  "iteration_p95": 10.0,
  "iteration_max": 117,
  "warp_divergence": 0.7155724520124428,
  "time_us_per_ray": 38.90092593343227,
  "gpu_time_us_per_ray": 0.0012733893033137177,
  "gpu_time_us_per_ray_median": 0.0007755835089662952,
  "gpu_time_sample_count": 10,
  "gpu_warp_divergence": 0.9024290518481054,
  "gpu_width": 1920,
  "gpu_height": 1080
}