{
  "strategy": "Segment",
  "scene": "Mandelbulb",
  "total_rays": 20736,
  "hit_count": 3776,
  "hit_rate": 0.18209876543209877,
  "iteration_mean": 10.27391975308642,
  "iteration_p95": 24.0,
  "iteration_max": 154,
  "warp_divergence": 2.1910068064500843,
  "time_us_per_ray": 68.48532986488728,
  "gpu_time_us_per_ray": 0.001553882162782283,
  "gpu_time_us_per_ray_median": 0.001248480893317955,
  "gpu_time_sample_count": 10,
  "gpu_warp_divergence": 0.12642878246712097,
  "gpu_width": 1920,
  "gpu_height": 1080
}