{
  "strategy": "Curvature-Aware Tracing",
  "scene": "Onion Shell",
  "total_rays": 20736,
  "hit_count": 2130,
  "hit_rate": 0.10271990740740741,
  "iteration_mean": 9.117091049382717,
  "iteration_p95": 14.0,
  "iteration_max": 259,
  "warp_divergence": 1.2112406697904319,
  "time_us_per_ray": 17.2117910731259,
  "gpu_time_us_per_ray": 0.0009798129021986331,
  "gpu_time_us_per_ray_median": 0.0010108989819720457,
  "gpu_time_sample_count": 10,
  "gpu_warp_divergence": 0.8816070636113484,
  "gpu_width": 1920,
  "gpu_height": 1080
}