{
  "strategy": "Enhanced",
  "scene": "Thin Torus",
  "total_rays": 20736,
  "hit_count": 84,
  "hit_rate": 0.004050925925925926,
  "iteration_mean": 7.372781635802469,
  "iteration_p95": 11.0,
  "iteration_max": 74,
  "warp_divergence": 0.38673791066407454,
  "time_us_per_ray": 11.680189053561067,
  "gpu_time_us_per_ray": 0.0008298996778457988,
  "gpu_time_us_per_ray_median": 0.0006019965642028385,
  "gpu_time_sample_count": 10,
  "gpu_warp_divergence": 0.15261212195511217,
  "gpu_width": 1920,
  "gpu_height": 1080
}