{
  "strategy": "Slope-AR(\u03b2=0.3)",
  "scene": "Mandelbulb",
  "total_rays": 20736,
  "hit_count": 3776,
  "hit_rate": 0.18209876543209877,
  "iteration_mean": 14.129243827160494,
  "iteration_p95": 36.0,
  "iteration_max": 195,
  "warp_divergence": 3.1261500165409224,
  "time_us_per_ray": 55.83371913181273,
  "gpu_time_us_per_ray": 0.004611241371251562,
  "gpu_time_us_per_ray_median": 0.004693311208860523,
  "gpu_time_sample_count": 10,
  "gpu_warp_divergence": 1.3418597000110664,
  "gpu_width": 1920,
  "gpu_height": 1080
}