{
  "strategy": "Overstep-Bisect",
  "scene": "Cube",
  "total_rays": 20736,
  "hit_count": 680,
  "hit_rate": 0.03279320987654321,
  "iteration_mean": 8.089699074074074,
  "iteration_p95": 12.0,
  "iteration_max": 45,
  "warp_divergence": 0.5387001973650305,
  "time_us_per_ray": 19.932908945060106,
  "gpu_time_us_per_ray": 0.00034272279999977736,
  "gpu_time_us_per_ray_median": 0.0002852768240565503,
  "gpu_time_sample_count": 10,
  "gpu_warp_divergence": 0.1659360715250174,
  "gpu_width": 1920,
  "gpu_height": 1080
}