{
  "strategy": "Standard",
  "scene": "Cylinder",
  "total_rays": 20736,
  "hit_count": 932,
  "hit_rate": 0.044945987654320986,
  "iteration_mean": 8.034239969135802,
  "iteration_p95": 12.0,
  "iteration_max": 312,
  "warp_divergence": 0.6556570249000591,
  "time_us_per_ray": 12.501702359360126,
  "gpu_time_us_per_ray": 0.0005189429003498115,
  "gpu_time_us_per_ray_median": 0.00041186815648006254,
  "gpu_time_sample_count": 10,
  "gpu_warp_divergence": 0.6247721754934317,
  "gpu_width": 1920,
  "gpu_height": 1080
}