{
  "strategy": "AR-ST",
  "scene": "Hollow Cube (CSG)",
  "total_rays": 20736,
  "hit_count": 238,
  "hit_rate": 0.011477623456790124,
  "iteration_mean": 6.574266975308642,
  "iteration_p95": 10.0,
  "iteration_max": 32,
  "warp_divergence": 0.2524799325492471,
  "time_us_per_ray": 19.120505407673917,
  "gpu_time_us_per_ray": 0.00026421685667886734,
  "gpu_time_us_per_ray_median": 0.00023857067805502195,
  "gpu_time_sample_count": 10,
  "gpu_warp_divergence": 0.24463729259776482,
  "gpu_width": 1920,
  "gpu_height": 1080
}