{
  "strategy": "AR-ST",
  "scene": "Near Miss",
  "total_rays": 20736,
  "hit_count": 686,
  "hit_rate": 0.03308256172839506,
  "iteration_mean": 6.744116512345679,
  "iteration_p95": 10.0,
  "iteration_max": 34,
  "warp_divergence": 0.30096839511370344,
  "time_us_per_ray": 20.389158960847173,
  "gpu_time_us_per_ray": 0.0007749710484971236,
  "gpu_time_us_per_ray_median": 0.000612702439675671,
  "gpu_time_sample_count": 10,
  "gpu_warp_divergence": 0.4933794740854222,
  "gpu_width": 1920,
  "gpu_height": 1080
}