{
  "strategy": "Relaxed(\u03c9=1.2)",
  "scene": "Thin Torus",
  "total_rays": 20736,
  "hit_count": 38,
  "hit_rate": 0.0018325617283950616,
  "iteration_mean": 6.810667438271605,
  "iteration_p95": 10.0,
  "iteration_max": 63,
  "warp_divergence": 0.20728928428177756,
  "time_us_per_ray": 10.510947133836991,
  "gpu_time_us_per_ray": 0.0003207465335525526,
  "gpu_time_us_per_ray_median": 0.00029280002948966013,
  "gpu_time_sample_count": 10,
  "gpu_warp_divergence": 0.1409353521503048,
  "gpu_width": 1920,
  "gpu_height": 1080
}