{
  "strategy": "AR-ST",
  "scene": "Sphere",
  "total_rays": 20736,
  "hit_count": 1152,
  "hit_rate": 0.05555555555555555,
  "iteration_mean": 7.73070987654321,
  "iteration_p95": 12.0,
  "iteration_max": 122,
  "warp_divergence": 0.5811897980007616,
  "time_us_per_ray": 11.194208127562888,
  "gpu_time_us_per_ray": 0.00018569155571763804,
  "gpu_time_us_per_ray_median": 0.00018561922281802297,
  "gpu_time_sample_count": 10,
  "gpu_warp_divergence": 0.25850758590264084,
  "gpu_width": 1920,
  "gpu_height": 1080
}