{
  "strategy": "Overstep-Bisect",
  "scene": "Bad Lipschitz Sphere",
  "total_rays": 20736,
  "hit_count": 0,
  "hit_rate": 0.0,
  "iteration_mean": 5.807291666666667,
  "iteration_p95": 7.0,
  "iteration_max": 11,
  "warp_divergence": 0.08113768254392706,
  "time_us_per_ray": 8.817457556789224,
  "gpu_time_us_per_ray": 0.002607663056416506,
  "gpu_time_us_per_ray_median": 0.0020488281464807827,
  "gpu_time_sample_count": 10,
  "gpu_warp_divergence": 1.1117386151666258,
  "gpu_width": 1920,
  "gpu_height": 1080
}