{
  "strategy": "Curvature-Aware Tracing",
  "scene": "Hollow Cube (CSG)",
  "total_rays": 20736,
  "hit_count": 428,
  "hit_rate": 0.020640432098765434,
  "iteration_mean": 8.18016975308642,
  "iteration_p95": 13.0,
  "iteration_max": 68,
  "warp_divergence": 0.6185371257214074,
  "time_us_per_ray": 27.28669462584672,
  "gpu_time_us_per_ray": 0.0005523051421968611,
  "gpu_time_us_per_ray_median": 0.00046363816687112883,
  "gpu_time_sample_count": 10,
  "gpu_warp_divergence": 0.24463729259776482,
  "gpu_width": 1920,
  "gpu_height": 1080
}