{
  "strategy": "Curvature-Aware Tracing",
  "scene": "Bad Lipschitz Sphere",
  "total_rays": 20736,
  "hit_count": 0,
  "hit_rate": 0.0,
  "iteration_mean": 5.807677469135802,
  "iteration_p95": 7.0,
  "iteration_max": 13,
  "warp_divergence": 0.0819434762590498,
  "time_us_per_ray": 12.122415110179983,
  "gpu_time_us_per_ray": 0.0008320746052992979,
  "gpu_time_us_per_ray_median": 0.000823350732119892,
  "gpu_time_sample_count": 10,
  "gpu_warp_divergence": 1.1116336026585396,
  "gpu_width": 1920,
  "gpu_height": 1080
}