{
  "strategy": "Relaxed(\u03c9=1.2)",
  "scene": "Onion Shell",
  "total_rays": 20736,
  "hit_count": 2130,
  "hit_rate": 0.10271990740740741,
  "iteration_mean": 8.959297839506172,
  "iteration_p95": 18.0,
  "iteration_max": 258,
  "warp_divergence": 1.357980997914729,
  "time_us_per_ray": 12.740364570758466,
  "gpu_time_us_per_ray": 0.0005661458101117822,
  "gpu_time_us_per_ray_median": 0.0005128277948249798,
  "gpu_time_sample_count": 10,
  "gpu_warp_divergence": 0.8816070636113484,
  "gpu_width": 1920,
  "gpu_height": 1080
}