{
  "strategy": "Overstep-Bisect",
  "scene": "Cylinder",
  "total_rays": 20736,
  "hit_count": 932,
  "hit_rate": 0.044945987654320986,
  "iteration_mean": 8.072916666666666,
  "iteration_p95": 12.0,
  "iteration_max": 60,
  "warp_divergence": 0.4462784292337232,
  "time_us_per_ray": 13.656843181291341,
  "gpu_time_us_per_ray": 0.0012584394336258417,
  "gpu_time_us_per_ray_median": 0.0011042872453496482,
  "gpu_time_sample_count": 10,
  "gpu_warp_divergence": 0.8275640171104007,
  "gpu_width": 1920,
  "gpu_height": 1080
}