{
  "strategy": "Enhanced",
  "scene": "Grazing Plane",
  "total_rays": 20736,
  "hit_count": 12246,
  "hit_rate": 0.5905671296296297,
  "iteration_mean": 41.915219907407405,
  "iteration_p95": 166.0,
  "iteration_max": 512,
  "warp_divergence": 11.139153994335068,
  "time_us_per_ray": 46.86174287161083,
  "gpu_time_us_per_ray": 0.0027198928162559042,
  "gpu_time_us_per_ray_median": 0.0030897953601433307,
  "gpu_time_sample_count": 10,
  "gpu_warp_divergence": 1.1015464764962226,
  "gpu_width": 1920,
  "gpu_height": 1080
}