{
  "strategy": "Segment",
  "scene": "Sphere",
  "total_rays": 20736,
  "hit_count": 1152,
  "hit_rate": 0.05555555555555555,
  "iteration_mean": 5.855516975308642,
  "iteration_p95": 8.0,
  "iteration_max": 70,
  "warp_divergence": 0.4033264267023624,
  "time_us_per_ray": 11.674512930812291,
  "gpu_time_us_per_ray": 0.0009567418960670446,
  "gpu_time_us_per_ray_median": 0.0005610773870204058,
  "gpu_time_sample_count": 10,
  "gpu_warp_divergence": 0.02950645778650119,
  "gpu_width": 1920,
  "gpu_height": 1080
}