{
  "strategy": "Segment",
  "scene": "Bad Lipschitz Sphere",
  "total_rays": 20736,
  "hit_count": 3436,
  "hit_rate": 0.16570216049382716,
  "iteration_mean": 7.237847222222222,
  "iteration_p95": 12.0,
  "iteration_max": 54,
  "warp_divergence": 0.7817121273480813,
  "time_us_per_ray": 13.550453320617017,
  "gpu_time_us_per_ray": 0.0012583140805536124,
  "gpu_time_us_per_ray_median": 0.0008943143369339659,
  "gpu_time_sample_count": 10,
  "gpu_warp_divergence": 0.11473889921182467,
  "gpu_width": 1920,
  "gpu_height": 1080
}