{
  "strategy": "Overstep-Bisect",
  "scene": "Pillar Forest",
  "total_rays": 20736,
  "hit_count": 17757,
  "hit_rate": 0.8563368055555556,
  "iteration_mean": 28.867766203703702,
  "iteration_p95": 62.0,
  "iteration_max": 347,
  "warp_divergence": 11.795449609801208,
  "time_us_per_ray": 61.62574267543761,
  "gpu_time_us_per_ray": 0.0022757860593336783,
  "gpu_time_us_per_ray_median": 0.0010395446965789975,
  "gpu_time_sample_count": 10,
  "gpu_warp_divergence": 4.5625275983265885,
  "gpu_width": 1920,
  "gpu_height": 1080
}