{
  "strategy": "Enhanced",
  "scene": "Bad Lipschitz Sphere",
  "total_rays": 20736,
  "hit_count": 0,
  "hit_rate": 0.0,
  "iteration_mean": 5.502121913580247,
  "iteration_p95": 7.0,
  "iteration_max": 13,
  "warp_divergence": 0.11448868264881418,
  "time_us_per_ray": 10.45550251782751,
  "gpu_time_us_per_ray": 0.0012925877483751349,
  "gpu_time_us_per_ray_median": 0.0010871431579379319,
  "gpu_time_sample_count": 10,
  "gpu_warp_divergence": 1.1116336026585396,
  "gpu_width": 1920,
  "gpu_height": 1080
}