{
  "strategy": "Standard",
  "scene": "Hollow Cube (CSG)",
  "total_rays": 20736,
  "hit_count": 428,
  "hit_rate": 0.020640432098765434,
  "iteration_mean": 8.204378858024691,
  "iteration_p95": 13.0,
  "iteration_max": 68,
  "warp_divergence": 0.6199320107737234,
  "time_us_per_ray": 22.034596833781293,
  "gpu_time_us_per_ray": 0.0009181568415959102,
  "gpu_time_us_per_ray_median": 0.0006317998073135652,
  "gpu_time_sample_count": 10,
  "gpu_warp_divergence": 0.24463729259776482,
  "gpu_width": 1920,
  "gpu_height": 1080
}