{
  "strategy": "Curvature-Aware Tracing",
  "scene": "Thin Planes Stack",
  "total_rays": 20736,
  "hit_count": 20100,
  "hit_rate": 0.9693287037037037,
  "iteration_mean": 64.65162037037037,
  "iteration_p95": 302.0,
  "iteration_max": 512,
  "warp_divergence": 8.13711498349081,
  "time_us_per_ray": 139.95637056251763,
  "gpu_time_us_per_ray": 0.002462075613431897,
  "gpu_time_us_per_ray_median": 0.00252625874436265,
  "gpu_time_sample_count": 10,
  "gpu_warp_divergence": 1.076650464993752,
  "gpu_width": 1920,
  "gpu_height": 1080
}