{
  "strategy": "Standard",
  "scene": "Onion Shell",
  "total_rays": 20736,
  "hit_count": 2130,
  "hit_rate": 0.10271990740740741,
  "iteration_mean": 9.713059413580247,
  "iteration_p95": 17.0,
  "iteration_max": 261,
  "warp_divergence": 1.243053699357244,
  "time_us_per_ray": 12.359100125009988,
  "gpu_time_us_per_ray": 0.0019180989724707524,
  "gpu_time_us_per_ray_median": 0.0017535204941300491,
  "gpu_time_sample_count": 10,
  "gpu_warp_divergence": 0.8816070636113484,
  "gpu_width": 1920,
  "gpu_height": 1080
}