{
  "strategy": "Overstep-Bisect",
  "scene": "Thin Torus",
  "total_rays": 20736,
  "hit_count": 92,
  "hit_rate": 0.004436728395061728,
  "iteration_mean": 8.06934799382716,
  "iteration_p95": 12.0,
  "iteration_max": 66,
  "warp_divergence": 0.2807468015342764,
  "time_us_per_ray": 11.945326947664588,
  "gpu_time_us_per_ray": 0.0012138792459873114,
  "gpu_time_us_per_ray_median": 0.0010226419059714924,
  "gpu_time_sample_count": 10,
  "gpu_warp_divergence": 0.1547365998780286,
  "gpu_width": 1920,
  "gpu_height": 1080
}