{
  "strategy": "Overstep-Bisect",
  "scene": "Mandelbulb",
  "total_rays": 20736,
  "hit_count": 3700,
  "hit_rate": 0.17843364197530864,
  "iteration_mean": 15.092399691358025,
  "iteration_p95": 31.0,
  "iteration_max": 94,
  "warp_divergence": 2.409651924597501,
  "time_us_per_ray": 48.56769387347244,
  "gpu_time_us_per_ray": 0.005295187113432926,
  "gpu_time_us_per_ray_median": 0.006194998907934253,
  "gpu_time_sample_count": 10,
  "gpu_warp_divergence": 1.1730160011415496,
  "gpu_width": 1920,
  "gpu_height": 1080
}