{
  "strategy": "Hybrid",
  "scene": "Cylinder",
  "total_rays": 20736,
  "hit_count": 932,
  "hit_rate": 0.044945987654320986,
  "iteration_mean": 7.990354938271605,
  "iteration_p95": 12.0,
  "iteration_max": 85,
  "warp_divergence": 0.470324575599777,
  "time_us_per_ray": 13.83458236235993,
  "gpu_time_us_per_ray": 0.0004067949725769138,
  "gpu_time_us_per_ray_median": 0.000400366529284827,
  "gpu_time_sample_count": 10,
  "gpu_warp_divergence": 0.6247721754934317,
  "gpu_width": 1920,
  "gpu_height": 1080
}