{
  "strategy": "AR-ST",
  "scene": "Mandelbulb",
  "total_rays": 20736,
  "hit_count": 3776,
  "hit_rate": 0.18209876543209877,
  "iteration_mean": 15.750578703703704,
  "iteration_p95": 41.0,
  "iteration_max": 198,
  "warp_divergence": 3.315919204456052,
  "time_us_per_ray": 62.01887057007601,
  "gpu_time_us_per_ray": 0.004808801136670898,
  "gpu_time_us_per_ray_median": 0.0047439477193732685,
  "gpu_time_sample_count": 10,
  "gpu_warp_divergence": 1.3418597000110664,
  "gpu_width": 1920,
  "gpu_height": 1080
}