{
  "strategy": "Curvature-Aware Tracing",
  "scene": "Cube",
  "total_rays": 20736,
  "hit_count": 682,
  "hit_rate": 0.03288966049382716,
  "iteration_mean": 7.949556327160494,
  "iteration_p95": 12.0,
  "iteration_max": 68,
  "warp_divergence": 0.5677402908642618,
  "time_us_per_ray": 24.808019858297754,
  "gpu_time_us_per_ray": 0.0007016203681691147,
  "gpu_time_us_per_ray_median": 0.0004926697991682032,
  "gpu_time_sample_count": 10,
  "gpu_warp_divergence": 0.1413381398588787,
  "gpu_width": 1920,
  "gpu_height": 1080
}