{
  "strategy": "AR-ST",
  "scene": "Pillar Forest",
  "total_rays": 20736,
  "hit_count": 16737,
  "hit_rate": 0.8071469907407407,
  "iteration_mean": 25.45191936728395,
  "iteration_p95": 65.0,
  "iteration_max": 196,
  "warp_divergence": 10.818914096157046,
  "time_us_per_ray": 58.96165604986262,
  "gpu_time_us_per_ray": 0.002397796120976075,
  "gpu_time_us_per_ray_median": 0.0022333381226125326,
  "gpu_time_sample_count": 10,
  "gpu_warp_divergence": 3.225230525897609,
  "gpu_width": 1920,
  "gpu_height": 1080
}