{
  "strategy": "Curvature-Aware Tracing",
  "scene": "Mandelbulb",
  "total_rays": 20736,
  "hit_count": 3776,
  "hit_rate": 0.18209876543209877,
  "iteration_mean": 16.497878086419753,
  "iteration_p95": 39.0,
  "iteration_max": 304,
  "warp_divergence": 4.295188307448696,
  "time_us_per_ray": 73.724107826337,
  "gpu_time_us_per_ray": 0.004459056745636863,
  "gpu_time_us_per_ray_median": 0.004084756065024937,
  "gpu_time_sample_count": 10,
  "gpu_warp_divergence": 1.3418597000110664,
  "gpu_width": 1920,
  "gpu_height": 1080
}