{
  "strategy": "Relaxed(\u03c9=1.2)",
  "scene": "Menger Sponge (iter=3)",
  "total_rays": 20736,
  "hit_count": 356,
  "hit_rate": 0.01716820987654321,
  "iteration_mean": 7.184702932098766,
  "iteration_p95": 10.0,
  "iteration_max": 117,
  "warp_divergence": 0.8274460460165272,
  "time_us_per_ray": 39.79154608254091,
  "gpu_time_us_per_ray": 0.0016957657615780648,
  "gpu_time_us_per_ray_median": 0.0013663675754624247,
  "gpu_time_sample_count": 10,
  "gpu_warp_divergence": 0.9024290518481054,
  "gpu_width": 1920,
  "gpu_height": 1080
}