{
  "strategy": "Enhanced",
  "scene": "Thin Planes Stack",
  "total_rays": 20736,
  "hit_count": 20100,
  "hit_rate": 0.9693287037037037,
  "iteration_mean": 64.35841049382717,
  "iteration_p95": 302.0,
  "iteration_max": 512,
  "warp_divergence": 8.164528039757549,
  "time_us_per_ray": 111.80183739472542,
  "gpu_time_us_per_ray": 0.004309375004528125,
  "gpu_time_us_per_ray_median": 0.00306710560071673,
  "gpu_time_sample_count": 10,
  "gpu_warp_divergence": 0.0,
  "gpu_width": 1920,
  "gpu_height": 1080
}