{
  "strategy": "AR-ST",
  "scene": "Onion Shell",
  "total_rays": 20736,
  "hit_count": 2130,
  "hit_rate": 0.10271990740740741,
  "iteration_mean": 8.654128086419753,
  "iteration_p95": 17.0,
  "iteration_max": 197,
  "warp_divergence": 1.1366410322390612,
  "time_us_per_ray": 14.009495552508506,
  "gpu_time_us_per_ray": 0.0012262007882703602,
  "gpu_time_us_per_ray_median": 0.0009614680572139836,
  "gpu_time_sample_count": 10,
  "gpu_warp_divergence": 0.8816070636113484,
  "gpu_width": 1920,
  "gpu_height": 1080
}