{
  "strategy": "Enhanced",
  "scene": "Sphere",
  "total_rays": 20736,
  "hit_count": 1152,
  "hit_rate": 0.05555555555555555,
  "iteration_mean": 8.383101851851851,
  "iteration_p95": 12.0,
  "iteration_max": 133,
  "warp_divergence": 0.8037079869425859,
  "time_us_per_ray": 11.592105502244028,
  "gpu_time_us_per_ray": 0.00044257815458012724,
  "gpu_time_us_per_ray_median": 0.0003672116297731222,
  "gpu_time_sample_count": 10,
  "gpu_warp_divergence": 0.26124881207575035,
  "gpu_width": 1920,
  "gpu_height": 1080
}