{
  "strategy": "Standard",
  "scene": "Thin Planes Stack",
  "total_rays": 20736,
  "hit_count": 20100,
  "hit_rate": 0.9693287037037037,
  "iteration_mean": 68.4579475308642,
  "iteration_p95": 302.0,
  "iteration_max": 512,
  "warp_divergence": 7.844163302949502,
  "time_us_per_ray": 105.95355904373673,
  "gpu_time_us_per_ray": 0.0029992187378804465,
  "gpu_time_us_per_ray_median": 0.002958188669714375,
  "gpu_time_sample_count": 10,
  "gpu_warp_divergence": 1.076650464993752,
  "gpu_width": 1920,
  "gpu_height": 1080
}