{
  "strategy": "Relaxed(\u03c9=1.2)",
  "scene": "Hollow Cube (CSG)",
  "total_rays": 20736,
  "hit_count": 238,
  "hit_rate": 0.011477623456790124,
  "iteration_mean": 6.880015432098766,
  "iteration_p95": 10.0,
  "iteration_max": 42,
  "warp_divergence": 0.32163099527984806,
  "time_us_per_ray": 20.105651991023613,
  "gpu_time_us_per_ray": 0.0006424431185335795,
  "gpu_time_us_per_ray_median": 0.0005308643098773986,
  "gpu_time_sample_count": 10,
  "gpu_warp_divergence": 0.24463729259776482,
  "gpu_width": 1920,
  "gpu_height": 1080
}