{
  "strategy": "Overstep-Bisect",
  "scene": "Menger Sponge (iter=3)",
  "total_rays": 20736,
  "hit_count": 530,
  "hit_rate": 0.025559413580246913,
  "iteration_mean": 8.400270061728396,
  "iteration_p95": 13.0,
  "iteration_max": 196,
  "warp_divergence": 0.7987079336819198,
  "time_us_per_ray": 46.34754050466991,
  "gpu_time_us_per_ray": 0.0019877893520723225,
  "gpu_time_us_per_ray_median": 0.0015358072243857968,
  "gpu_time_sample_count": 10,
  "gpu_warp_divergence": 0.8720599141716957,
  "gpu_width": 1920,
  "gpu_height": 1080
}