{
  "strategy": "Enhanced",
  "scene": "Smooth Blend",
  "total_rays": 20736,
  "hit_count": 466,
  "hit_rate": 0.022472993827160493,
  "iteration_mean": 7.056182484567901,
  "iteration_p95": 10.25,
  "iteration_max": 379,
  "warp_divergence": 0.5497660790440366,
  "time_us_per_ray": 27.817153750220314,
  "gpu_time_us_per_ray": 0.001579726094747951,
  "gpu_time_us_per_ray_median": 0.0016735629972651097,
  "gpu_time_sample_count": 10,
  "gpu_warp_divergence": 0.22441409257918965,
  "gpu_width": 1920,
  "gpu_height": 1080
}