{
  "strategy": "Hybrid",
  "scene": "Hollow Cube (CSG)",
  "total_rays": 20736,
  "hit_count": 428,
  "hit_rate": 0.020640432098765434,
  "iteration_mean": 8.203028549382717,
  "iteration_p95": 13.0,
  "iteration_max": 54,
  "warp_divergence": 0.615750815995175,
  "time_us_per_ray": 23.135286454940616,
  "gpu_time_us_per_ray": 0.0007569010056523651,
  "gpu_time_us_per_ray_median": 0.0005364100941755797,
  "gpu_time_sample_count": 10,
  "gpu_warp_divergence": 0.24463729259776482,
  "gpu_width": 1920,
  "gpu_height": 1080
}