{
  "strategy": "Segment",
  "scene": "Cylinder",
  "total_rays": 20736,
  "hit_count": 932,
  "hit_rate": 0.044945987654320986,
  "iteration_mean": 5.271412037037037,
  "iteration_p95": 7.0,
  "iteration_max": 157,
  "warp_divergence": 0.3467777432980182,
  "time_us_per_ray": 15.377695793479992,
  "gpu_time_us_per_ray": 0.0009683497208041243,
  "gpu_time_us_per_ray_median": 0.0005467062478994284,
  "gpu_time_sample_count": 10,
  "gpu_warp_divergence": 0.04456613134270833,
  "gpu_width": 1920,
  "gpu_height": 1080
}