{
  "strategy": "Standard",
  "scene": "Pillar Forest",
  "total_rays": 20736,
  "hit_count": 17759,
  "hit_rate": 0.8564332561728395,
  "iteration_mean": 29.309124228395063,
  "iteration_p95": 71.0,
  "iteration_max": 376,
  "warp_divergence": 14.926199680980876,
  "time_us_per_ray": 58.16306423375751,
  "gpu_time_us_per_ray": 0.001637471081109798,
  "gpu_time_us_per_ray_median": 0.001610749363245293,
  "gpu_time_sample_count": 10,
  "gpu_warp_divergence": 3.225230525897609,
  "gpu_width": 1920,
  "gpu_height": 1080
}