{
  "strategy": "Segment",
  "scene": "Pillar Forest",
  "total_rays": 20736,
  "hit_count": 17759,
  "hit_rate": 0.8564332561728395,
  "iteration_mean": 15.474874614197532,
  "iteration_p95": 36.0,
  "iteration_max": 189,
  "warp_divergence": 7.509766396372046,
  "time_us_per_ray": 61.68170815120296,
  "gpu_time_us_per_ray": 0.0029276282778785876,
  "gpu_time_us_per_ray_median": 0.002835792802665153,
  "gpu_time_sample_count": 10,
  "gpu_warp_divergence": 1.545452015949988,
  "gpu_width": 1920,
  "gpu_height": 1080
}