{
  "strategy": "Segment",
  "scene": "Grazing Plane",
  "total_rays": 20736,
  "hit_count": 12392,
  "hit_rate": 0.597608024691358,
  "iteration_mean": 24.514274691358025,
  "iteration_p95": 84.0,
  "iteration_max": 421,
  "warp_divergence": 6.7060913071379185,
  "time_us_per_ray": 47.793272586451714,
  "gpu_time_us_per_ray": 0.0007314043434661595,
  "gpu_time_us_per_ray_median": 0.0005826581243273261,
  "gpu_time_sample_count": 10,
  "gpu_warp_divergence": 0.5025338644699918,
  "gpu_width": 1920,
  "gpu_height": 1080
}