{
  "strategy": "Overstep-Bisect",
  "scene": "Onion Shell",
  "total_rays": 20736,
  "hit_count": 2130,
  "hit_rate": 0.10271990740740741,
  "iteration_mean": 9.667824074074074,
  "iteration_p95": 16.0,
  "iteration_max": 87,
  "warp_divergence": 0.9920035757321505,
  "time_us_per_ray": 13.410431131854205,
  "gpu_time_us_per_ray": 0.002102493274350432,
  "gpu_time_us_per_ray_median": 0.002094642201691498,
  "gpu_time_sample_count": 10,
  "gpu_warp_divergence": 1.1369666039998885,
  "gpu_width": 1920,
  "gpu_height": 1080
}