{
  "strategy": "Slope-AR(\u03b2=0.3)",
  "scene": "Menger Sponge (iter=3)",
  "total_rays": 20736,
  "hit_count": 530,
  "hit_rate": 0.025559413580246913,
  "iteration_mean": 7.2265625,
  "iteration_p95": 10.0,
  "iteration_max": 149,
  "warp_divergence": 0.6450068158578997,
  "time_us_per_ray": 35.63359857735908,
  "gpu_time_us_per_ray": 0.001032769095790745,
  "gpu_time_us_per_ray_median": 0.0007350502494739851,
  "gpu_time_sample_count": 10,
  "gpu_warp_divergence": 0.9024290518481054,
  "gpu_width": 1920,
  "gpu_height": 1080
}