{
  "strategy": "Segment",
  "scene": "Smooth Blend",
  "total_rays": 20736,
  "hit_count": 466,
  "hit_rate": 0.022472993827160493,
  "iteration_mean": 5.121672453703703,
  "iteration_p95": 7.0,
  "iteration_max": 193,
  "warp_divergence": 0.27035058412127205,
  "time_us_per_ray": 31.847685179709067,
  "gpu_time_us_per_ray": 0.0002720534223358917,
  "gpu_time_us_per_ray_median": 0.0002634307613199646,
  "gpu_time_sample_count": 10,
  "gpu_warp_divergence": 0.020241576662218128,
  "gpu_width": 1920,
  "gpu_height": 1080
}