{
  "strategy": "Curvature-Aware Tracing",
  "scene": "Pillar Forest",
  "total_rays": 20736,
  "hit_count": 17759,
  "hit_rate": 0.8564332561728395,
  "iteration_mean": 25.81983024691358,
  "iteration_p95": 67.0,
  "iteration_max": 350,
  "warp_divergence": 13.8907618352233,
  "time_us_per_ray": 72.49993729972091,
  "gpu_time_us_per_ray": 0.0028045283945602145,
  "gpu_time_us_per_ray_median": 0.002469497629158187,
  "gpu_time_sample_count": 10,
  "gpu_warp_divergence": 3.225230525897609,
  "gpu_width": 1920,
  "gpu_height": 1080
}