{
  "strategy": "AR-ST",
  "scene": "Thin Torus",
  "total_rays": 20736,
  "hit_count": 38,
  "hit_rate": 0.0018325617283950616,
  "iteration_mean": 6.606481481481482,
  "iteration_p95": 9.0,
  "iteration_max": 53,
  "warp_divergence": 0.21011788141666687,
  "time_us_per_ray": 11.07675056972104,
  "gpu_time_us_per_ray": 0.0009786024208922215,
  "gpu_time_us_per_ray_median": 0.0009547887730374817,
  "gpu_time_sample_count": 10,
  "gpu_warp_divergence": 0.1409353521503048,
  "gpu_width": 1920,
  "gpu_height": 1080
}