{
  "strategy": "Segment",
  "scene": "Menger Sponge (iter=3)",
  "total_rays": 20736,
  "hit_count": 530,
  "hit_rate": 0.025559413580246913,
  "iteration_mean": 5.497781635802469,
  "iteration_p95": 8.0,
  "iteration_max": 117,
  "warp_divergence": 0.5424663257170618,
  "time_us_per_ray": 47.86862945489522,
  "gpu_time_us_per_ray": 0.0014665268360131226,
  "gpu_time_us_per_ray_median": 0.0009568865618662748,
  "gpu_time_sample_count": 10,
  "gpu_warp_divergence": 0.04052498333248091,
  "gpu_width": 1920,
  "gpu_height": 1080
}