{
  "strategy": "Hybrid",
  "scene": "Sphere",
  "total_rays": 20736,
  "hit_count": 1152,
  "hit_rate": 0.05555555555555555,
  "iteration_mean": 9.259452160493828,
  "iteration_p95": 15.0,
  "iteration_max": 80,
  "warp_divergence": 0.6276706081332986,
  "time_us_per_ray": 12.782065015118052,
  "gpu_time_us_per_ray": 0.0002954282446111909,
  "gpu_time_us_per_ray_median": 0.0002642745702932761,
  "gpu_time_sample_count": 10,
  "gpu_warp_divergence": 0.25850758590264084,
  "gpu_width": 1920,
  "gpu_height": 1080
}