{
  "strategy": "Slope-AR(\u03b2=0.3)",
  "scene": "Hollow Cube (CSG)",
  "total_rays": 20736,
  "hit_count": 428,
  "hit_rate": 0.020640432098765434,
  "iteration_mean": 7.069155092592593,
  "iteration_p95": 10.0,
  "iteration_max": 37,
  "warp_divergence": 0.3662414380249505,
  "time_us_per_ray": 19.59421296092325,
  "gpu_time_us_per_ray": 0.0007693045821118479,
  "gpu_time_us_per_ray_median": 0.0005577496469615855,
  "gpu_time_sample_count": 10,
  "gpu_warp_divergence": 0.24463729259776482,
  "gpu_width": 1920,
  "gpu_height": 1080
}