{
  "strategy": "Enhanced",
  "scene": "Onion Shell",
  "total_rays": 20736,
  "hit_count": 2130,
  "hit_rate": 0.10271990740740741,
  "iteration_mean": 8.530381944444445,
  "iteration_p95": 14.0,
  "iteration_max": 256,
  "warp_divergence": 1.2129938577840906,
  "time_us_per_ray": 12.179610335065432,
  "gpu_time_us_per_ray": 0.0023512200888585483,
  "gpu_time_us_per_ray_median": 0.0022106722795280894,
  "gpu_time_sample_count": 10,
  "gpu_warp_divergence": 0.8870259491253046,
  "gpu_width": 1920,
  "gpu_height": 1080
}