{
  "strategy": "AR-ST",
  "scene": "Cylinder",
  "total_rays": 20736,
  "hit_count": 748,
  "hit_rate": 0.03607253086419753,
  "iteration_mean": 6.614872685185185,
  "iteration_p95": 10.0,
  "iteration_max": 27,
  "warp_divergence": 0.31202003963915387,
  "time_us_per_ray": 12.217896424031265,
  "gpu_time_us_per_ray": 0.0009223523967968369,
  "gpu_time_us_per_ray_median": 0.0006645687891351473,
  "gpu_time_sample_count": 10,
  "gpu_warp_divergence": 0.6247721754934317,
  "gpu_width": 1920,
  "gpu_height": 1080
}