{
  "strategy": "AR-ST",
  "scene": "Bad Lipschitz Sphere",
  "total_rays": 20736,
  "hit_count": 0,
  "hit_rate": 0.0,
  "iteration_mean": 4.727623456790123,
  "iteration_p95": 5.0,
  "iteration_max": 5,
  "warp_divergence": 0.035870498406709805,
  "time_us_per_ray": 8.612895445692653,
  "gpu_time_us_per_ray": 0.001009929550446593,
  "gpu_time_us_per_ray_median": 0.0008580969105098097,
  "gpu_time_sample_count": 10,
  "gpu_warp_divergence": 1.1116336026585396,
  "gpu_width": 1920,
  "gpu_height": 1080
}