{
  "strategy": "Curvature-Aware Tracing",
  "scene": "Thin Torus",
  "total_rays": 20736,
  "hit_count": 92,
  "hit_rate": 0.004436728395061728,
  "iteration_mean": 8.038290895061728,
  "iteration_p95": 12.0,
  "iteration_max": 73,
  "warp_divergence": 0.2983950408548194,
  "time_us_per_ray": 15.28899980415044,
  "gpu_time_us_per_ray": 0.0003133873066456736,
  "gpu_time_us_per_ray_median": 0.0002986833373771658,
  "gpu_time_sample_count": 10,
  "gpu_warp_divergence": 0.1409353521503048,
  "gpu_width": 1920,
  "gpu_height": 1080
}