{
  "strategy": "Hybrid",
  "scene": "Smooth Blend",
  "total_rays": 20736,
  "hit_count": 466,
  "hit_rate": 0.022472993827160493,
  "iteration_mean": 7.66454475308642,
  "iteration_p95": 11.0,
  "iteration_max": 85,
  "warp_divergence": 0.39707701446666943,
  "time_us_per_ray": 31.140962568719665,
  "gpu_time_us_per_ray": 0.0010462625163828632,
  "gpu_time_us_per_ray_median": 0.0008189621394755963,
  "gpu_time_sample_count": 10,
  "gpu_warp_divergence": 0.21529885107444394,
  "gpu_width": 1920,
  "gpu_height": 1080
}