{
  "strategy": "Slope-AR(\u03b2=0.3)",
  "scene": "Smooth Blend",
  "total_rays": 20736,
  "hit_count": 466,
  "hit_rate": 0.022472993827160493,
  "iteration_mean": 6.764708719135802,
  "iteration_p95": 9.0,
  "iteration_max": 196,
  "warp_divergence": 0.2732755472895301,
  "time_us_per_ray": 25.263450026366986,
  "gpu_time_us_per_ray": 0.00046488711643492646,
  "gpu_time_us_per_ray_median": 0.00040347688888159387,
  "gpu_time_sample_count": 10,
  "gpu_warp_divergence": 0.21529885107444394,
  "gpu_width": 1920,
  "gpu_height": 1080
}