{
  "strategy": "AR-ST",
  "scene": "Thin Planes Stack",
  "total_rays": 20736,
  "hit_count": 20264,
  "hit_rate": 0.9772376543209876,
  "iteration_mean": 61.27488425925926,
  "iteration_p95": 251.0,
  "iteration_max": 512,
  "warp_divergence": 7.471146238970924,
  "time_us_per_ray": 106.32127700380717,
  "gpu_time_us_per_ray": 0.0031502700657267584,
  "gpu_time_us_per_ray_median": 0.0029955631755091204,
  "gpu_time_sample_count": 10,
  "gpu_warp_divergence": 1.076650464993752,
  "gpu_width": 1920,
  "gpu_height": 1080
}