{
  "strategy": "Curvature-Aware Tracing",
  "scene": "Grazing Plane",
  "total_rays": 20736,
  "hit_count": 12246,
  "hit_rate": 0.5905671296296297,
  "iteration_mean": 42.17804783950617,
  "iteration_p95": 166.0,
  "iteration_max": 512,
  "warp_divergence": 11.124030511433531,
  "time_us_per_ray": 66.08705631533442,
  "gpu_time_us_per_ray": 0.0010438368154149274,
  "gpu_time_us_per_ray_median": 0.0007897858862926104,
  "gpu_time_sample_count": 10,
  "gpu_warp_divergence": 1.079465274653501,
  "gpu_width": 1920,
  "gpu_height": 1080
}