{
  "strategy": "Slope-AR(\u03b2=0.3)",
  "scene": "Pillar Forest",
  "total_rays": 20736,
  "hit_count": 17759,
  "hit_rate": 0.8564332561728395,
  "iteration_mean": 25.259452160493826,
  "iteration_p95": 57.0,
  "iteration_max": 315,
  "warp_divergence": 11.00956941334976,
  "time_us_per_ray": 58.89668208521785,
  "gpu_time_us_per_ray": 0.0026972655986254625,
  "gpu_time_us_per_ray_median": 0.0026512827142501066,
  "gpu_time_sample_count": 10,
  "gpu_warp_divergence": 3.225230525897609,
  "gpu_width": 1920,
  "gpu_height": 1080
}