{
  "strategy": "Hybrid",
  "scene": "Pillar Forest",
  "total_rays": 20736,
  "hit_count": 17759,
  "hit_rate": 0.8564332561728395,
  "iteration_mean": 28.648341049382715,
  "iteration_p95": 65.0,
  "iteration_max": 364,
  "warp_divergence": 13.144983492306453,
  "time_us_per_ray": 64.50353008224255,
  "gpu_time_us_per_ray": 0.0020135271987794428,
  "gpu_time_us_per_ray_median": 0.0019261670662851912,
  "gpu_time_sample_count": 10,
  "gpu_warp_divergence": 3.225230525897609,
  "gpu_width": 1920,
  "gpu_height": 1080
}