{
  "strategy": "Curvature-Aware Tracing",
  "scene": "Menger Sponge (iter=3)",
  "total_rays": 20736,
  "hit_count": 528,
  "hit_rate": 0.02546296296296296,
  "iteration_mean": 8.413194444444445,
  "iteration_p95": 13.0,
  "iteration_max": 231,
  "warp_divergence": 1.0276132533357454,
  "time_us_per_ray": 50.21954089942831,
  "gpu_time_us_per_ray": 0.0014480082663121045,
  "gpu_time_us_per_ray_median": 0.0011574796605409686,
  "gpu_time_sample_count": 10,
  "gpu_warp_divergence": 0.9024290518481054,
  "gpu_width": 1920,
  "gpu_height": 1080
}