{
  "strategy": "Relaxed(\u03c9=1.2)",
  "scene": "Grazing Plane",
  "total_rays": 20736,
  "hit_count": 12288,
  "hit_rate": 0.5925925925925926,
  "iteration_mean": 38.33690200617284,
  "iteration_p95": 138.0,
  "iteration_max": 512,
  "warp_divergence": 9.970564127759662,
  "time_us_per_ray": 40.672530865125694,
  "gpu_time_us_per_ray": 0.0010446229332304892,
  "gpu_time_us_per_ray_median": 0.0006681135728061314,
  "gpu_time_sample_count": 10,
  "gpu_warp_divergence": 1.079465274653501,
  "gpu_width": 1920,
  "gpu_height": 1080
}