{
  "strategy": "Overstep-Bisect",
  "scene": "Thin Planes Stack",
  "total_rays": 20736,
  "hit_count": 20352,
  "hit_rate": 0.9814814814814815,
  "iteration_mean": 44.91994598765432,
  "iteration_p95": 163.0,
  "iteration_max": 496,
  "warp_divergence": 8.354496913408198,
  "time_us_per_ray": 73.39608892823576,
  "gpu_time_us_per_ray": 0.000744092400885693,
  "gpu_time_us_per_ray_median": 0.0004729456661691613,
  "gpu_time_sample_count": 10,
  "gpu_warp_divergence": 0.0,
  "gpu_width": 1920,
  "gpu_height": 1080
}