{
  "strategy": "Enhanced",
  "scene": "Cube",
  "total_rays": 20736,
  "hit_count": 682,
  "hit_rate": 0.03288966049382716,
  "iteration_mean": 7.397472993827161,
  "iteration_p95": 12.0,
  "iteration_max": 67,
  "warp_divergence": 0.6074539776122192,
  "time_us_per_ray": 19.68475115984207,
  "gpu_time_us_per_ray": 0.0008446469884667615,
  "gpu_time_us_per_ray_median": 0.0005301167276892006,
  "gpu_time_sample_count": 10,
  "gpu_warp_divergence": 0.14595441100038128,
  "gpu_width": 1920,
  "gpu_height": 1080
}