{
  "strategy": "Enhanced",
  "scene": "Hollow Cube (CSG)",
  "total_rays": 20736,
  "hit_count": 354,
  "hit_rate": 0.01707175925925926,
  "iteration_mean": 7.650366512345679,
  "iteration_p95": 13.0,
  "iteration_max": 67,
  "warp_divergence": 0.6437993497020844,
  "time_us_per_ray": 21.03950134403055,
  "gpu_time_us_per_ray": 0.0008847318333861085,
  "gpu_time_us_per_ray_median": 0.0007899546480872726,
  "gpu_time_sample_count": 10,
  "gpu_warp_divergence": 0.25433242716906984,
  "gpu_width": 1920,
  "gpu_height": 1080
}