{
  "strategy": "Curvature-Aware Tracing",
  "scene": "Near Miss",
  "total_rays": 20736,
  "hit_count": 882,
  "hit_rate": 0.042534722222222224,
  "iteration_mean": 8.097704475308642,
  "iteration_p95": 11.0,
  "iteration_max": 138,
  "warp_divergence": 0.7318223097296073,
  "time_us_per_ray": 24.501615562145656,
  "gpu_time_us_per_ray": 0.0009195070931498236,
  "gpu_time_us_per_ray_median": 0.0006120997029399776,
  "gpu_time_sample_count": 10,
  "gpu_warp_divergence": 0.4933794740854222,
  "gpu_width": 1920,
  "gpu_height": 1080
}