{
  "strategy": "Relaxed(\u03c9=1.2)",
  "scene": "Thin Planes Stack",
  "total_rays": 20736,
  "hit_count": 20264,
  "hit_rate": 0.9772376543209876,
  "iteration_mean": 58.838541666666664,
  "iteration_p95": 251.0,
  "iteration_max": 512,
  "warp_divergence": 7.469111590111228,
  "time_us_per_ray": 95.54239486421051,
  "gpu_time_us_per_ray": 0.0029004002521734362,
  "gpu_time_us_per_ray_median": 0.002769241819120829,
  "gpu_time_sample_count": 10,
  "gpu_warp_divergence": 1.076650464993752,
  "gpu_width": 1920,
  "gpu_height": 1080
}