{
  "strategy": "Relaxed(\u03c9=1.2)",
  "scene": "Cube",
  "total_rays": 20736,
  "hit_count": 484,
  "hit_rate": 0.02334104938271605,
  "iteration_mean": 6.81664737654321,
  "iteration_p95": 10.0,
  "iteration_max": 33,
  "warp_divergence": 0.3117624922059205,
  "time_us_per_ray": 19.210951960966117,
  "gpu_time_us_per_ray": 0.000634360517717231,
  "gpu_time_us_per_ray_median": 0.0005739534740482837,
  "gpu_time_sample_count": 10,
  "gpu_warp_divergence": 0.1413381398588787,
  "gpu_width": 1920,
  "gpu_height": 1080
}