{
  "strategy": "Curvature-Aware Tracing",
  "scene": "Sphere",
  "total_rays": 20736,
  "hit_count": 1152,
  "hit_rate": 0.05555555555555555,
  "iteration_mean": 9.021604938271604,
  "iteration_p95": 13.0,
  "iteration_max": 133,
  "warp_divergence": 0.7792817049115143,
  "time_us_per_ray": 14.95874808532801,
  "gpu_time_us_per_ray": 0.0007530478695924911,
  "gpu_time_us_per_ray_median": 0.0004997829460024397,
  "gpu_time_sample_count": 10,
  "gpu_warp_divergence": 0.25850758590264084,
  "gpu_width": 1920,
  "gpu_height": 1080
}