{
  "strategy": "Segment",
  "scene": "Near Miss",
  "total_rays": 20736,
  "hit_count": 882,
  "hit_rate": 0.042534722222222224,
  "iteration_mean": 5.458622685185185,
  "iteration_p95": 7.0,
  "iteration_max": 73,
  "warp_divergence": 0.38112451664581015,
  "time_us_per_ray": 22.746913578256354,
  "gpu_time_us_per_ray": 0.0008224199934184183,
  "gpu_time_us_per_ray_median": 0.0005492621525780034,
  "gpu_time_sample_count": 10,
  "gpu_warp_divergence": 0.052372987272194874,
  "gpu_width": 1920,
  "gpu_height": 1080
}