{
  "strategy": "Slope-AR(\u03b2=0.3)",
  "scene": "Onion Shell",
  "total_rays": 20736,
  "hit_count": 2130,
  "hit_rate": 0.10271990740740741,
  "iteration_mean": 8.058738425925926,
  "iteration_p95": 13.0,
  "iteration_max": 135,
  "warp_divergence": 0.712201574238924,
  "time_us_per_ray": 11.662943664159235,
  "gpu_time_us_per_ray": 0.0006728298754796363,
  "gpu_time_us_per_ray_median": 0.0006630015388823885,
  "gpu_time_sample_count": 10,
  "gpu_warp_divergence": 0.8816070636113484,
  "gpu_width": 1920,
  "gpu_height": 1080
}