{
  "strategy": "Hybrid",
  "scene": "Menger Sponge (iter=3)",
  "total_rays": 20736,
  "hit_count": 530,
  "hit_rate": 0.025559413580246913,
  "iteration_mean": 8.357542438271604,
  "iteration_p95": 13.0,
  "iteration_max": 232,
  "warp_divergence": 0.9238813353986648,
  "time_us_per_ray": 46.082093943784265,
  "gpu_time_us_per_ray": 0.001603433634887484,
  "gpu_time_us_per_ray_median": 0.001257040922711086,
  "gpu_time_sample_count": 10,
  "gpu_warp_divergence": 0.9024290518481054,
  "gpu_width": 1920,
  "gpu_height": 1080
}