{
  "strategy": "Standard",
  "scene": "Smooth Blend",
  "total_rays": 20736,
  "hit_count": 466,
  "hit_rate": 0.022472993827160493,
  "iteration_mean": 7.691743827160494,
  "iteration_p95": 11.0,
  "iteration_max": 383,
  "warp_divergence": 0.5180642184909915,
  "time_us_per_ray": 35.39504725694438,
  "gpu_time_us_per_ray": 0.0004709683573175291,
  "gpu_time_us_per_ray_median": 0.0004007764756004039,
  "gpu_time_sample_count": 10,
  "gpu_warp_divergence": 0.21529885107444394,
  "gpu_width": 1920,
  "gpu_height": 1080
}