{
  "strategy": "Hybrid",
  "scene": "Grazing Plane",
  "total_rays": 20736,
  "hit_count": 12316,
  "hit_rate": 0.5939429012345679,
  "iteration_mean": 38.9867862654321,
  "iteration_p95": 116.0,
  "iteration_max": 512,
  "warp_divergence": 9.52476066936821,
  "time_us_per_ray": 42.841377324765304,
  "gpu_time_us_per_ray": 0.0012648726826430194,
  "gpu_time_us_per_ray_median": 0.0010849247768486817,
  "gpu_time_sample_count": 10,
  "gpu_warp_divergence": 1.079465274653501,
  "gpu_width": 1920,
  "gpu_height": 1080
}