{
  "strategy": "Hybrid",
  "scene": "Mandelbulb",
  "total_rays": 20736,
  "hit_count": 3730,
  "hit_rate": 0.1798804012345679,
  "iteration_mean": 16.639274691358025,
  "iteration_p95": 37.0,
  "iteration_max": 139,
  "warp_divergence": 2.9234282500118702,
  "time_us_per_ray": 60.76159818657749,
  "gpu_time_us_per_ray": 0.003485942350515096,
  "gpu_time_us_per_ray_median": 0.0034058401653942662,
  "gpu_time_sample_count": 10,
  "gpu_warp_divergence": 1.3418597000110664,
  "gpu_width": 1920,
  "gpu_height": 1080
}