{
  "strategy": "Hybrid",
  "scene": "Onion Shell",
  "total_rays": 20736,
  "hit_count": 2130,
  "hit_rate": 0.10271990740740741,
  "iteration_mean": 9.649594907407407,
  "iteration_p95": 17.0,
  "iteration_max": 120,
  "warp_divergence": 1.0533797452787956,
  "time_us_per_ray": 14.136983983557855,
  "gpu_time_us_per_ray": 0.001001731230464856,
  "gpu_time_us_per_ray_median": 0.0008282936673990831,
  "gpu_time_sample_count": 10,
  "gpu_warp_divergence": 0.8816070636113484,
  "gpu_width": 1920,
  "gpu_height": 1080
}