{
  "strategy": "Segment",
  "scene": "Onion Shell",
  "total_rays": 20736,
  "hit_count": 2130,
  "hit_rate": 0.10271990740740741,
  "iteration_mean": 6.071277006172839,
  "iteration_p95": 10.0,
  "iteration_max": 132,
  "warp_divergence": 0.6300824579492492,
  "time_us_per_ray": 13.437784533088244,
  "gpu_time_us_per_ray": 0.0010281105516449674,
  "gpu_time_us_per_ray_median": 0.0006914303221604729,
  "gpu_time_sample_count": 10,
  "gpu_warp_divergence": 0.13361310376613228,
  "gpu_width": 1920,
  "gpu_height": 1080
}