{
  "strategy": "Overstep-Bisect",
  "scene": "Hollow Cube (CSG)",
  "total_rays": 20736,
  "hit_count": 426,
  "hit_rate": 0.020543981481481483,
  "iteration_mean": 8.279899691358025,
  "iteration_p95": 13.0,
  "iteration_max": 45,
  "warp_divergence": 0.5541715174027201,
  "time_us_per_ray": 23.373206024615808,
  "gpu_time_us_per_ray": 0.0004990403267359476,
  "gpu_time_us_per_ray_median": 0.0003242188046706472,
  "gpu_time_sample_count": 10,
  "gpu_warp_divergence": 0.3211670660255132,
  "gpu_width": 1920,
  "gpu_height": 1080
}