{
  "strategy": "Enhanced",
  "scene": "Cylinder",
  "total_rays": 20736,
  "hit_count": 932,
  "hit_rate": 0.044945987654320986,
  "iteration_mean": 7.317033179012346,
  "iteration_p95": 11.0,
  "iteration_max": 308,
  "warp_divergence": 0.6784052113890052,
  "time_us_per_ray": 12.786424593758527,
  "gpu_time_us_per_ray": 0.0009154466147546046,
  "gpu_time_us_per_ray_median": 0.000657142259620337,
  "gpu_time_sample_count": 10,
  "gpu_warp_divergence": 0.619553281556309,
  "gpu_width": 1920,
  "gpu_height": 1080
}