{
  "strategy": "Slope-AR(\u03b2=0.3)",
  "scene": "Cube",
  "total_rays": 20736,
  "hit_count": 682,
  "hit_rate": 0.03288966049382716,
  "iteration_mean": 6.865258487654321,
  "iteration_p95": 9.0,
  "iteration_max": 37,
  "warp_divergence": 0.311832532655063,
  "time_us_per_ray": 16.064867861446764,
  "gpu_time_us_per_ray": 0.00031345485627685705,
  "gpu_time_us_per_ray_median": 0.00025448492652000744,
  "gpu_time_sample_count": 10,
  "gpu_warp_divergence": 0.1413381398588787,
  "gpu_width": 1920,
  "gpu_height": 1080
}