{
  "strategy": "Relaxed(\u03c9=1.2)",
  "scene": "Pillar Forest",
  "total_rays": 20736,
  "hit_count": 17750,
  "hit_rate": 0.8559992283950617,
  "iteration_mean": 26.428578317901234,
  "iteration_p95": 66.0,
  "iteration_max": 376,
  "warp_divergence": 14.311874723112615,
  "time_us_per_ray": 56.38089795765053,
  "gpu_time_us_per_ray": 0.002927194235567578,
  "gpu_time_us_per_ray_median": 0.0027546054668534823,
  "gpu_time_sample_count": 10,
  "gpu_warp_divergence": 3.225230525897609,
  "gpu_width": 1920,
  "gpu_height": 1080
}