{
  "strategy": "Hybrid",
  "scene": "Thin Planes Stack",
  "total_rays": 20736,
  "hit_count": 20352,
  "hit_rate": 0.9814814814814815,
  "iteration_mean": 55.28510802469136,
  "iteration_p95": 190.0,
  "iteration_max": 512,
  "warp_divergence": 8.017531705783616,
  "time_us_per_ray": 95.56257715797264,
  "gpu_time_us_per_ray": 0.00270503955511635,
  "gpu_time_us_per_ray_median": 0.0022887008616421945,
  "gpu_time_sample_count": 10,
  "gpu_warp_divergence": 1.076650464993752,
  "gpu_width": 1920,
  "gpu_height": 1080
}