{
  "strategy": "Segment",
  "scene": "Thin Planes Stack",
  "total_rays": 20736,
  "hit_count": 20352,
  "hit_rate": 0.9814814814814815,
  "iteration_mean": 40.21527777777778,
  "iteration_p95": 152.0,
  "iteration_max": 513,
  "warp_divergence": 8.214770838975348,
  "time_us_per_ray": 123.595828511127,
  "gpu_time_us_per_ray": 0.0046655477939409285,
  "gpu_time_us_per_ray_median": 0.00531681608764403,
  "gpu_time_sample_count": 10,
  "gpu_warp_divergence": 10.722807536003765,
  "gpu_width": 1920,
  "gpu_height": 1080
}