{
  "strategy": "Standard",
  "scene": "Menger Sponge (iter=3)",
  "total_rays": 20736,
  "hit_count": 530,
  "hit_rate": 0.025559413580246913,
  "iteration_mean": 8.427276234567902,
  "iteration_p95": 13.0,
  "iteration_max": 231,
  "warp_divergence": 1.0653441450223662,
  "time_us_per_ray": 43.82732929374425,
  "gpu_time_us_per_ray": 0.0019599971252588417,
  "gpu_time_us_per_ray_median": 0.0017968026732876439,
  "gpu_time_sample_count": 10,
  "gpu_warp_divergence": 0.9024290518481054,
  "gpu_width": 1920,
  "gpu_height": 1080
}