{
  "strategy": "Standard",
  "scene": "Near Miss",
  "total_rays": 20736,
  "hit_count": 882,
  "hit_rate": 0.042534722222222224,
  "iteration_mean": 8.320601851851851,
  "iteration_p95": 12.0,
  "iteration_max": 143,
  "warp_divergence": 0.7575481167533412,
  "time_us_per_ray": 20.999889077049577,
  "gpu_time_us_per_ray": 0.0005760320848900319,
  "gpu_time_us_per_ray_median": 0.0004948640393487028,
  "gpu_time_sample_count": 10,
  "gpu_warp_divergence": 0.4933794740854222,
  "gpu_width": 1920,
  "gpu_height": 1080
}