{
  "strategy": "Hybrid",
  "scene": "Cube",
  "total_rays": 20736,
  "hit_count": 682,
  "hit_rate": 0.03288966049382716,
  "iteration_mean": 7.953125,
  "iteration_p95": 12.0,
  "iteration_max": 54,
  "warp_divergence": 0.5652480951826259,
  "time_us_per_ray": 20.285407039027856,
  "gpu_time_us_per_ray": 0.0008041955834976111,
  "gpu_time_us_per_ray_median": 0.0005298032327253302,
  "gpu_time_sample_count": 10,
  "gpu_warp_divergence": 0.1413381398588787,
  "gpu_width": 1920,
  "gpu_height": 1080
}