{
  "strategy": "Relaxed(\u03c9=1.2)",
  "scene": "Bad Lipschitz Sphere",
  "total_rays": 20736,
  "hit_count": 0,
  "hit_rate": 0.0,
  "iteration_mean": 4.999614197530864,
  "iteration_p95": 5.0,
  "iteration_max": 5,
  "warp_divergence": 0.001494206537888664,
  "time_us_per_ray": 9.356524880090154,
  "gpu_time_us_per_ray": 0.0018046247768560768,
  "gpu_time_us_per_ray_median": 0.0017623456243862526,
  "gpu_time_sample_count": 10,
  "gpu_warp_divergence": 1.1116336026585396,
  "gpu_width": 1920,
  "gpu_height": 1080
}