{
  "strategy": "AR-ST",
  "scene": "Grazing Plane",
  "total_rays": 20736,
  "hit_count": 12288,
  "hit_rate": 0.5925925925925926,
  "iteration_mean": 38.3149112654321,
  "iteration_p95": 138.0,
  "iteration_max": 512,
  "warp_divergence": 10.085314646226443,
  "time_us_per_ray": 43.67424768178701,
  "gpu_time_us_per_ray": 0.0011779417418213676,
  "gpu_time_us_per_ray_median": 0.0010199411558404127,
  "gpu_time_sample_count": 10,
  "gpu_warp_divergence": 1.079465274653501,
  "gpu_width": 1920,
  "gpu_height": 1080
}