{
  "strategy": "Standard",
  "scene": "Mandelbulb",
  "total_rays": 20736,
  "hit_count": 3776,
  "hit_rate": 0.18209876543209877,
  "iteration_mean": 18.238329475308642,
  "iteration_p95": 47.0,
  "iteration_max": 306,
  "warp_divergence": 4.368771847171464,
  "time_us_per_ray": 66.46322819708277,
  "gpu_time_us_per_ray": 0.005186019498742771,
  "gpu_time_us_per_ray_median": 0.005749228494320881,
  "gpu_time_sample_count": 10,
  "gpu_warp_divergence": 1.3418597000110664,
  "gpu_width": 1920,
  "gpu_height": 1080
}