{
  "strategy": "Slope-AR(\u03b2=0.3)",
  "scene": "Thin Torus",
  "total_rays": 20736,
  "hit_count": 92,
  "hit_rate": 0.004436728395061728,
  "iteration_mean": 7.00366512345679,
  "iteration_p95": 9.0,
  "iteration_max": 50,
  "warp_divergence": 0.1988654545299253,
  "time_us_per_ray": 12.44707271797341,
  "gpu_time_us_per_ray": 0.0007044800889914004,
  "gpu_time_us_per_ray_median": 0.0005775944845043812,
  "gpu_time_sample_count": 10,
  "gpu_warp_divergence": 0.1409353521503048,
  "gpu_width": 1920,
  "gpu_height": 1080
}