{
  "strategy": "Overstep-Bisect",
  "scene": "Smooth Blend",
  "total_rays": 20736,
  "hit_count": 466,
  "hit_rate": 0.022472993827160493,
  "iteration_mean": 7.7135898919753085,
  "iteration_p95": 11.0,
  "iteration_max": 73,
  "warp_divergence": 0.3691177864618199,
  "time_us_per_ray": 31.737567513590438,
  "gpu_time_us_per_ray": 0.0008131799763815915,
  "gpu_time_us_per_ray_median": 0.0007217881324726881,
  "gpu_time_sample_count": 10,
  "gpu_warp_divergence": 0.2746640864400952,
  "gpu_width": 1920,
  "gpu_height": 1080
}