{
  "strategy": "Overstep-Bisect",
  "scene": "Near Miss",
  "total_rays": 20736,
  "hit_count": 882,
  "hit_rate": 0.042534722222222224,
  "iteration_mean": 8.283854166666666,
  "iteration_p95": 12.0,
  "iteration_max": 61,
  "warp_divergence": 0.5429005300537583,
  "time_us_per_ray": 21.719806120669137,
  "gpu_time_us_per_ray": 0.0010089506646675736,
  "gpu_time_us_per_ray_median": 0.0007860967063023077,
  "gpu_time_sample_count": 10,
  "gpu_warp_divergence": 0.6682307759626412,
  "gpu_width": 1920,
  "gpu_height": 1080
}