{
  "strategy": "Segment",
  "scene": "Hollow Cube (CSG)",
  "total_rays": 20736,
  "hit_count": 428,
  "hit_rate": 0.020640432098765434,
  "iteration_mean": 5.389949845679013,
  "iteration_p95": 8.0,
  "iteration_max": 35,
  "warp_divergence": 0.3221945322719322,
  "time_us_per_ray": 23.123350695607737,
  "gpu_time_us_per_ray": 0.0007966965863432298,
  "gpu_time_us_per_ray_median": 0.0006096161087043583,
  "gpu_time_sample_count": 10,
  "gpu_warp_divergence": 0.012395239522059759,
  "gpu_width": 1920,
  "gpu_height": 1080
}