{
  "strategy": "Relaxed(\u03c9=1.2)",
  "scene": "Mandelbulb",
  "total_rays": 20736,
  "hit_count": 3776,
  "hit_rate": 0.18209876543209877,
  "iteration_mean": 16.683449074074073,
  "iteration_p95": 45.0,
  "iteration_max": 305,
  "warp_divergence": 4.387053312125552,
  "time_us_per_ray": 68.24323881354994,
  "gpu_time_us_per_ray": 0.0033330246946274267,
  "gpu_time_us_per_ray_median": 0.002194685496053555,
  "gpu_time_sample_count": 10,
  "gpu_warp_divergence": 1.3418597000110664,
  "gpu_width": 1920,
  "gpu_height": 1080
}