{
  "strategy": "AR-ST",
  "scene": "Cube",
  "total_rays": 20736,
  "hit_count": 484,
  "hit_rate": 0.02334104938271605,
  "iteration_mean": 6.5171682098765435,
  "iteration_p95": 9.0,
  "iteration_max": 26,
  "warp_divergence": 0.23754229446301048,
  "time_us_per_ray": 18.411858620288793,
  "gpu_time_us_per_ray": 0.000668354532760453,
  "gpu_time_us_per_ray_median": 0.0005356384833619274,
  "gpu_time_sample_count": 10,
  "gpu_warp_divergence": 0.1413381398588787,
  "gpu_width": 1920,
  "gpu_height": 1080
}