{
  "strategy": "Segment",
  "scene": "Thin Torus",
  "total_rays": 20736,
  "hit_count": 92,
  "hit_rate": 0.004436728395061728,
  "iteration_mean": 5.3656442901234565,
  "iteration_p95": 7.0,
  "iteration_max": 39,
  "warp_divergence": 0.14712575047804163,
  "time_us_per_ray": 12.310739776570879,
  "gpu_time_us_per_ray": 0.0008147713899997604,
  "gpu_time_us_per_ray_median": 0.000574869818031144,
  "gpu_time_sample_count": 10,
  "gpu_warp_divergence": 0.010647189639232777,
  "gpu_width": 1920,
  "gpu_height": 1080
}