{
  "strategy": "Relaxed(\u03c9=1.2)",
  "scene": "Smooth Blend",
  "total_rays": 20736,
  "hit_count": 300,
  "hit_rate": 0.014467592592592593,
  "iteration_mean": 6.501784336419753,
  "iteration_p95": 9.0,
  "iteration_max": 77,
  "warp_divergence": 0.23960595500463652,
  "time_us_per_ray": 26.185435952940658,
  "gpu_time_us_per_ray": 0.0012815827277437267,
  "gpu_time_us_per_ray_median": 0.0006850886738565923,
  "gpu_time_sample_count": 10,
  "gpu_warp_divergence": 0.21529885107444394,
  "gpu_width": 1920,
  "gpu_height": 1080
}