{
  "strategy": "AR-ST",
  "scene": "Smooth Blend",
  "total_rays": 20736,
  "hit_count": 300,
  "hit_rate": 0.014467592592592593,
  "iteration_mean": 6.266251929012346,
  "iteration_p95": 9.0,
  "iteration_max": 77,
  "warp_divergence": 0.2243404817382458,
  "time_us_per_ray": 27.342713166698008,
  "gpu_time_us_per_ray": 0.0010617235670064543,
  "gpu_time_us_per_ray_median": 0.0007362798638541228,
  "gpu_time_sample_count": 10,
  "gpu_warp_divergence": 0.21529885107444394,
  "gpu_width": 1920,
  "gpu_height": 1080
}