{
  "strategy": "Slope-AR(\u03b2=0.3)",
  "scene": "Near Miss",
  "total_rays": 20736,
  "hit_count": 882,
  "hit_rate": 0.042534722222222224,
  "iteration_mean": 7.12451774691358,
  "iteration_p95": 10.0,
  "iteration_max": 76,
  "warp_divergence": 0.42995341268616954,
  "time_us_per_ray": 18.438614023142254,
  "gpu_time_us_per_ray": 0.0005327208243586399,
  "gpu_time_us_per_ray_median": 0.00040738322476735684,
  "gpu_time_sample_count": 10,
  "gpu_warp_divergence": 0.4933794740854222,
  "gpu_width": 1920,
  "gpu_height": 1080
}