{
  "strategy": "Standard",
  "scene": "Bad Lipschitz Sphere",
  "total_rays": 20736,
  "hit_count": 0,
  "hit_rate": 0.0,
  "iteration_mean": 5.807677469135802,
  "iteration_p95": 7.0,
  "iteration_max": 13,
  "warp_divergence": 0.0819434762590498,
  "time_us_per_ray": 8.628202151696852,
  "gpu_time_us_per_ray": 0.0018691405582810857,
  "gpu_time_us_per_ray_median": 0.0017765480017125676,
  "gpu_time_sample_count": 10,
  "gpu_warp_divergence": 1.1116336026585396,
  "gpu_width": 1920,
  "gpu_height": 1080
}