{
  "strategy": "Standard",
  "scene": "Thin Torus",
  "total_rays": 20736,
  "hit_count": 92,
  "hit_rate": 0.004436728395061728,
  "iteration_mean": 8.076485339506172,
  "iteration_p95": 12.0,
  "iteration_max": 77,
  "warp_divergence": 0.30342608852378466,
  "time_us_per_ray": 11.23747588954521,
  "gpu_time_us_per_ray": 0.0007663677002081969,
  "gpu_time_us_per_ray_median": 0.0005230035808549642,
  "gpu_time_sample_count": 10,
  "gpu_warp_divergence": 0.1409353521503048,
  "gpu_width": 1920,
  "gpu_height": 1080
}