{
  "strategy": "Segment",
  "scene": "Cube",
  "total_rays": 20736,
  "hit_count": 682,
  "hit_rate": 0.03288966049382716,
  "iteration_mean": 5.260223765432099,
  "iteration_p95": 7.0,
  "iteration_max": 35,
  "warp_divergence": 0.29540443904771946,
  "time_us_per_ray": 20.666526818977104,
  "gpu_time_us_per_ray": 0.0008380159861077613,
  "gpu_time_us_per_ray_median": 0.0005429446451828736,
  "gpu_time_sample_count": 10,
  "gpu_warp_divergence": 0.022510880673373188,
  "gpu_width": 1920,
  "gpu_height": 1080
}