{
  "strategy": "Overstep-Bisect",
  "scene": "Grazing Plane",
  "total_rays": 20736,
  "hit_count": 12374,
  "hit_rate": 0.5967399691358025,
  "iteration_mean": 35.2421875,
  "iteration_p95": 103.0,
  "iteration_max": 496,
  "warp_divergence": 8.958482218190682,
  "time_us_per_ray": 36.423905278494246,
  "gpu_time_us_per_ray": 0.001449392360051588,
  "gpu_time_us_per_ray_median": 0.0012809607456510104,
  "gpu_time_sample_count": 10,
  "gpu_warp_divergence": 1.081444870804747,
  "gpu_width": 1920,
  "gpu_height": 1080
}